{
  "hash": "b4fca22b",
  "configHash": "48f14be6",
  "lockfileHash": "c5bbf4ff",
  "browserHash": "1c54828c",
  "optimized": {
    "@angular/common": {
      "src": "../../../../../../node_modules/@angular/common/fesm2022/common.mjs",
      "file": "@angular_common.js",
      "fileHash": "21da9b2e",
      "needsInterop": false
    },
    "@angular/common/http": {
      "src": "../../../../../../node_modules/@angular/common/fesm2022/http.mjs",
      "file": "@angular_common_http.js",
      "fileHash": "aba68770",
      "needsInterop": false
    },
    "@angular/core": {
      "src": "../../../../../../node_modules/@angular/core/fesm2022/core.mjs",
      "file": "@angular_core.js",
      "fileHash": "f0c6fa30",
      "needsInterop": false
    },
    "@angular/forms": {
      "src": "../../../../../../node_modules/@angular/forms/fesm2022/forms.mjs",
      "file": "@angular_forms.js",
      "fileHash": "dbbd50f1",
      "needsInterop": false
    },
    "@angular/platform-browser": {
      "src": "../../../../../../node_modules/@angular/platform-browser/fesm2022/platform-browser.mjs",
      "file": "@angular_platform-browser.js",
      "fileHash": "e9b38c3f",
      "needsInterop": false
    },
    "@angular/router": {
      "src": "../../../../../../node_modules/@angular/router/fesm2022/router.mjs",
      "file": "@angular_router.js",
      "fileHash": "6c7c4ad6",
      "needsInterop": false
    },
    "rxjs": {
      "src": "../../../../../../node_modules/rxjs/dist/esm5/index.js",
      "file": "rxjs.js",
      "fileHash": "24eeb69e",
      "needsInterop": false
    },
    "rxjs/operators": {
      "src": "../../../../../../node_modules/rxjs/dist/esm5/operators/index.js",
      "file": "rxjs_operators.js",
      "fileHash": "805cdd59",
      "needsInterop": false
    }
  },
  "chunks": {
    "chunk-DTOCXAKF": {
      "file": "chunk-DTOCXAKF.js"
    },
    "chunk-GDFDLS2E": {
      "file": "chunk-GDFDLS2E.js"
    },
    "chunk-WAQMODTF": {
      "file": "chunk-WAQMODTF.js"
    },
    "chunk-XH6TMJPS": {
      "file": "chunk-XH6TMJPS.js"
    },
    "chunk-LFEXZ7N6": {
      "file": "chunk-LFEXZ7N6.js"
    },
    "chunk-J46EEYGT": {
      "file": "chunk-J46EEYGT.js"
    },
    "chunk-4YCCEXQQ": {
      "file": "chunk-4YCCEXQQ.js"
    },
    "chunk-U7EDC2PH": {
      "file": "chunk-U7EDC2PH.js"
    }
  }
}